[
  {
    "report_id": "rep_5ca9b108",
    "timestamp": "2025-12-05T23:16:35.684935",
    "patient": {
      "name": "Shahnda Emad",
      "age": "23",
      "gender": "Female",
      "chronic_diseases": "hypertension",
      "past_surgeries": "none",
      "symptom_history": "3 weeks ago"
    },
    "symptoms": [
      "palpitations",
      "shortness of breath",
      "chest tightness",
      "anxiety and nervousness",
      "dizziness"
    ],
    "predictions": {
      "panic disorder": 100.0
    },
    "recommended specialty": "Neurologist",
    "recommended_doctors": [
      {
        "id": "featured-1",
        "name": "Dr. Ahmed Hassan",
        "specialty": "Cardiologist",
        "experience": "12+ years experience"
      },
      {
        "id": "featured-2",
        "name": "Dr. Fatima Ali",
        "specialty": "Pediatrician",
        "experience": "8+ years experience"
      }
    ],
    "notes": "This report is generated by AI and is not a medical diagnosis. Please consult a licensed physician."
  },
  {
    "report_id": "rep_8c9f0fb6",
    "timestamp": "2025-12-05T23:29:27.523389",
    "patient": {
      "name": "Shahnda Emad",
      "age": "23",
      "gender": "Female",
      "chronic_diseases": "hypertension",
      "past_surgeries": "none",
      "symptom_history": "3 weeks ago"
    },
    "symptoms": [
      "palpitations",
      "shortness of breath",
      "chest tightness",
      "anxiety and nervousness",
      "dizziness"
    ],
    "predictions": {
      "panic disorder": 100.0
    },
    "recommended specialty": "Neurologist",
    "recommended_doctors": [
      {
        "id": "featured-1",
        "name": "Dr. Ahmed Hassan",
        "specialty": "Cardiologist",
        "experience": "12+ years experience"
      },
      {
        "id": "featured-2",
        "name": "Dr. Fatima Ali",
        "specialty": "Pediatrician",
        "experience": "8+ years experience"
      }
    ],
    "notes": "This report is generated by AI and is not a medical diagnosis. Please consult a licensed physician."
  },
  {
    "report_id": "rep_9d156c02",
    "timestamp": "2025-12-05T23:44:36.247723",
    "patient": {
      "name": "shahnda",
      "age": "20",
      "gender": "female",
      "chronic_diseases": "diabetes",
      "past_surgeries": "none",
      "symptom_history": "3 weeks ago"
    },
    "symptoms": [
      "dizziness",
      "shortness of breath",
      "anxiety and nervousness",
      "chest tightness",
      "palpitations"
    ],
    "predictions": {
      "panic disorder": 100.0
    },
    "recommended_doctors": [
      {
        "id": "featured-1",
        "name": "Dr. Ahmed Hassan",
        "specialty": "Cardiologist",
        "experience": "12+ years experience"
      },
      {
        "id": "featured-2",
        "name": "Dr. Fatima Ali",
        "specialty": "Pediatrician",
        "experience": "8+ years experience"
      }
    ],
    "notes": "This report is generated by AI and is not a medical diagnosis. Please consult a licensed physician."
  }
]